{
    "RN2027": 102.32494,
    "RN2030": 103.04608,
    "RN2032": 105.24291,
    "RN2035": 105.54416,
    "ABFZ02": 100.77450
}


